{"LU":{"x":-4.875225067138672,"y":1.346449613571167},"LD":{"x":-3.539337158203125,"y":-1.785980224609375},"RU":{"x":4.475995063781738,"y":1.0700584650039673},"RD":{"x":2.725519895553589,"y":-1.8781099319458008},"showConvertImage":false,"showKeyStone":false}